<?xml version="1.0" encoding="UTF-8"?>
<beans xmlns="http://www.springframework.org/schema/beans"
	xmlns:mvc="http://www.springframework.org/schema/mvc"
	xmlns:context="http://www.springframework.org/schema/context"
	xmlns:xsi="http://www.w3.org/2001/XMLSchema-instance"
	xsi:schemaLocation="
        http://www.springframework.org/schema/beans     
        http://www.springframework.org/schema/beans/spring-beans.xsd
        http://www.springframework.org/schema/mvc 
        http://www.springframework.org/schema/mvc/spring-mvc.xsd
        http://www.springframework.org/schema/context 
        http://www.springframework.org/schema/context/spring-context.xsd">

<!-- VIEW RESOLVER: -->

	<context:component-scan
		base-package="Controller" /> <!-- gestione e dichiarazione controller -->
	<bean
		class="org.springframework.web.servlet.view.InternalResourceViewResolver">
		<property name="prefix" value="/WEB-INF/views/" /> <!-- INDIRIZZAMENTO CARTELLA VIEW -->
		<property name="suffix" value=".jsp"></property> <!-- SUFFISSO CHE VIENE ACCETTATA COME VIEW -->
	</bean>

	<!-- Datasource per la connessione al DB -->

	<bean id="datasource"
		class="org.springframework.jdbc.datasource.DriverManagerDataSource">

		<property name="driverClassName"
			value="oracle.jdbc.driver.OracleDriver" />
		<property name="url"
			value="jdbc:oracle:thin:@127.0.0.1:1521:orcl" />
		<property name="username" value="davide" />
		<property name="password" value="pass" />
	</bean>

	<!-- Assegnazione del datasource al jdbcTemplate per la gesione dei comandi 
		SQL -->
	<bean id="jt"
		class="org.springframework.jdbc.core.JdbcTemplate">
		<property name="dataSource" ref="datasource"/><!-- il ref prende l'id del datasource -->
	</bean>

	<!-- Bean ImpiegatoDAO utilizzato dal DAO -->
	<bean id="dao" class="dao.CalciatoriDAO">
		<property name="jdbcTemplate" ref="jt"/>
	</bean>
	
	<!-- pagina errori -->
	<bean 
	class="org.springframework.web.servlet.handler.SimpleMappingExceptionResolver">
	<property name="defaultErrorView" value="error"/>
	</bean>
</beans>



